[
{"article_url": "https://www.energy.gov/articles/icymi-secretary-granholm-says-we-need-diversity-stem"},
{"article_url": "https://www.energy.gov/articles/doe-launches-initiatives-accelerate-solar-deployment-underserved-communities"},
{"article_url": "https://www.energy.gov/articles/doe-awards-173-million-student-and-faculty-research-opportunities-and-foster-workforce"},
{"article_url": "https://www.energy.gov/articles/doe-announces-12-million-advance-geothermal-energy-technologies"},
{"article_url": "https://www.energy.gov/articles/joint-statement-establishing-net-zero-producers-forum-between-energy-ministries-canada"},
{"article_url": "https://www.energy.gov/articles/doe-announces-1095-million-support-jobs-and-economic-growth-coal-and-power-plant"},
{"article_url": "https://www.energy.gov/articles/statement-secretary-granholm-president-bidens-latest-department-energy-nominees"},
{"article_url": "https://www.energy.gov/articles/us-india-joint-statement-launching-us-india-climate-and-clean-energy-agenda-2030"},
{"article_url": "https://www.energy.gov/articles/doe-awards-19-million-initiatives-produce-rare-earth-elements-and-critical-minerals"},
{"article_url": "https://www.energy.gov/articles/statement-secretary-granholm-president-bidens-latest-department-energy-nominees-0"},
{"article_url": "https://www.energy.gov/articles/doe-announces-825-billion-loans-enhance-electrical-transmission-nationwide"},
{"article_url": "https://www.energy.gov/articles/doe-launches-international-clean-energy-initiatives-tackle-climate-crisis"},
{"article_url": "https://www.energy.gov/articles/doe-support-11-remote-and-island-communities-transitioning-resilient-clean-energy"},
{"article_url": "https://www.energy.gov/articles/biden-administration-takes-bold-action-protect-electricity-operations-increasing-cyber-0"},
{"article_url": "https://www.energy.gov/articles/secretary-granholm-announces-winners-solar-decathlon-design-and-build-challenges"},
{"article_url": "https://www.energy.gov/articles/doe-announces-notice-sale-crude-oil-strategic-petroleum-reserve-2"},
{"article_url": "https://www.energy.gov/articles/doe-announces-162-million-decarbonize-cars-and-trucks"},
{"article_url": "https://www.energy.gov/articles/statement-secretary-granholm-president-bidens-nomination-jill-hruby-nnsa-administrator"},
{"article_url": "https://www.energy.gov/articles/statement-secretary-granholm-president-bidens-nomination-dr-ali-nouri"},
{"article_url": "https://www.energy.gov/articles/statement-secretary-granholm-presidents-fy22-discretionary-funding-request"}
]